<?xml version="1.0" encoding="UTF-8"?>
<!-- Produced by Beyond Compare 4 from Scooter Software -->
<BCState Version="1" MinVersion="1">
	<TBcState>
		<FirstStartup Value="False"/>
		<FormPositions>
			<TImportDialog Value="444;191;805;524"/>
			<TViewFrame Value="444;17;1274;644;3"/>
		</FormPositions>
	</TBcState>
	<THomeState>
		<ShowWeb Value="False"/>
	</THomeState>
	<TImportState>
		<MRUFilename Value="C:\Documents and Settings\Administrator\Desktop\BCSettings.bcpkg"/>
	</TImportState>
	<TTextCompareState>
		<MRUFonts>
			<_0 Value="Consolas;10"/>
		</MRUFonts>
	</TTextCompareState>
</BCState>
